J2835	http://lab.inf.shizuoka.ac.jp/t-koguchi/index.html#
J2833	http://www.ia.inf.shizuoka.ac.jp/~fyamada/member.htm
J2831	http://researchmap.jp/read0119907/
J2829	http://www.ia.inf.shizuoka.ac.jp/~fujii/
J2825	http://lab.inf.shizuoka.ac.jp/sasahara/01profile/index.html
J2823	http://www.ia.inf.shizuoka.ac.jp/~mzushi/
J2817	http://researchmap.jp/harata/
J2815	http://www.ia.inf.shizuoka.ac.jp/~sugiyama/
J2813	http://www.ia.inf.shizuoka.ac.jp/~ikezu/
J2811	http://www.ia.inf.shizuoka.ac.jp/~nakao/
J2807	http://lab.inf.shizuoka.ac.jp/vwilk/
J2805	http://www.ia.inf.shizuoka.ac.jp/~nomiyama/
J2803	http://www.ia.inf.shizuoka.ac.jp/~smorino/
J2735	http://geocities.yahoo.co.jp/gl/yoshida_inf
J2733	http://www.akaokoichi.jp/
J2731	http://tai.ia.inf.shizuoka.ac.jp/index.php?action=pages_view_main&page_id=13
J2729	http://www.goverken.info/wiki/
J2727	http://www.ia.inf.shizuoka.ac.jp/~arakawa/
J2725	http://www.ia.inf.shizuoka.ac.jp/~okada/
J2723	http://www.ia.inf.shizuoka.ac.jp/~nisihara/gyoseki.html
J2721	http://researchmap.jp/read0156581/
J2717	http://www.ia.inf.shizuoka.ac.jp/~shsugi/
J2715	http://researchmap.jp/read0105402/
J2711	http://lab.inf.shizuoka.ac.jp/sheftall/
J2709	http://www.ia.inf.shizuoka.ac.jp/~tanimura/
J2707	http://researchmap.jp/7000000878/
J2705	http://researchmap.jp/read0169411/
J2703	http://researchmap.jp/read0181953/
J2730	http://aka.oops.jp/
J2631	http://tnk2.ia.inf.shizuoka.ac.jp/katsudo.aspx
J2629	http://www.ia.inf.shizuoka.ac.jp/~takamatsu/
J2627	http://ese.inf.shizuoka.ac.jp/
J2619	http://www.ia.inf.shizuoka.ac.jp/~r8yanagi/
J2613	http://architect.inf.shizuoka.ac.jp/hept/index.php/staff/item/70-野口靖浩
J2611	http://architect.inf.shizuoka.ac.jp/
J2607	http://architect.inf.shizuoka.ac.jp/hept/index.php/staff/item/71-塩見彰睦
J2610	http://hayashibe.com/
J2531	http://oshimalab.cs.inf.shizuoka.ac.jp/OshimaLab2013/Welcome.html
J2529	http://www.sugilab.net/2012/index.php
J2525	http://lab.inf.shizuoka.ac.jp/isarida/
J2523	http://www.ia.inf.shizuoka.ac.jp/~akirtaka/
J2511	http://nlp.cs.inf.shizuoka.ac.jp/
J2509	http://minny.cs.inf.shizuoka.ac.jp/wiki/
J2503	http://minny.cs.inf.shizuoka.ac.jp/wiki/
J2501	http://nlp.cs.inf.shizuoka.ac.jp/pukiwiki.php?%B8%A6%B5%E6%BC%BC%A5%E1%A5%F3%A5%D0%A1%BC
J2431	http://lab.inf.shizuoka.ac.jp/yuura/
J2429	http://researchmap.jp/read0010943/
J2427	http://researchmap.jp/read0010944/
J2415	http://www.matsuzawalab.info/
J2413	http://minny.cs.inf.shizuoka.ac.jp/wiki/
J2407	http://lmo.cs.inf.shizuoka.ac.jp/
J2405	http://researchmap.jp/read0060084/
J2414	http://t-kitani.jp/index.ja.html
J2329	http://www.takebay.net/main/
J2323	http://researchmap.jp/read0210281/
